customer_id,region,segment,tenure_months,orders_last_6m,avg_order_value,monthly_spend,churn
1000,North,SMB,18,9,48.7,522.69,0
1001,North,Enterprise,46,6,81.72,525.34,0
1002,South,Consumer,22,11,120.51,1160.13,0
1003,West,SMB,19,10,261.28,2774.48,0
1004,South,Consumer,25,8,122.15,875.71,0
1005,South,Enterprise,16,10,297.07,3303.42,0
1006,North,Consumer,26,8,284.01,2956.19,0
1007,South,SMB,16,8,229.16,1728.32,0
1008,North,Consumer,56,12,241.78,2720.69,0
1009,North,Consumer,8,7,94.71,737.73,0
1010,East,Consumer,49,11,263.75,2433.44,0
1011,North,Enterprise,32,15,266.04,5049.44,0
1012,West,Consumer,49,7,204.73,1945.42,0
1013,South,Consumer,26,13,142.67,1880.79,0
1014,South,SMB,46,7,273.52,2465.5,0
1015,West,SMB,31,9,47.14,400.86,0
1016,North,SMB,47,5,89.62,337.05,0
1017,North,SMB,56,9,202.6,1882.61,0
1018,West,Enterprise,56,8,126.11,1400.57,0
1019,West,SMB,19,9,226.01,1319.65,0
1020,South,SMB,33,10,186.61,2127.67,0
1021,North,Enterprise,27,6,108.58,526.79,0
1022,East,Enterprise,60,9,148.32,1867.18,0
1023,North,Consumer,24,8,172.1,1159.28,0
1024,North,Consumer,9,8,227.88,1320.53,0
1025,East,Enterprise,17,13,45.84,559.49,0
1026,South,Consumer,36,7,51.32,487.14,0
1027,South,SMB,3,6,242.91,1878.03,0
1028,West,Consumer,48,12,262.09,4343.24,0
1029,West,Consumer,56,8,64.58,599.83,0
1030,West,SMB,53,9,26.63,180.83,0
1031,West,Consumer,54,2,52.3,143.96,0
1032,East,Consumer,21,1,52.38,69.12,0
1033,South,SMB,5,15,194.48,3298.51,0
1034,West,Consumer,36,11,283.3,3558.36,0
1035,East,SMB,51,5,150.2,716.25,0
1036,North,SMB,43,7,249.16,2094.53,0
1037,West,Enterprise,50,11,196.33,1631.7,0
1038,North,Consumer,15,12,165.03,1267.78,0
1039,East,Consumer,58,3,269.77,761.88,0
1040,South,Consumer,18,9,195.49,1442.15,0
1041,North,SMB,15,7,79.91,521.27,0
1042,North,Consumer,49,5,283.97,1191.1,0
1043,South,Enterprise,18,8,114.12,1043.8,0
1044,North,Consumer,38,8,199.97,1133.53,0
1045,East,Consumer,25,7,138.04,1225.17,0
1046,North,Consumer,42,9,89.24,1021.12,0
1047,South,Enterprise,17,9,190.03,2049.49,0
1048,East,Enterprise,59,11,220.2,1600.58,0
1049,North,Consumer,37,9,139.95,1129.13,0
1050,West,Consumer,41,11,62.84,512.15,0
1051,West,Enterprise,53,8,258.48,2614.96,0
1052,West,SMB,32,10,79.39,983.06,0
1053,South,SMB,47,5,87.29,428.1,1
1054,South,SMB,38,6,116.25,974.62,0
1055,North,Consumer,21,11,233.41,1920.81,0
1056,East,Consumer,54,9,70.24,386.45,1
1057,South,Enterprise,49,2,180.74,352.63,0
1058,North,Consumer,26,5,212.21,765.42,0
1059,West,Enterprise,51,5,126.51,839.27,0
1060,North,Consumer,14,7,42.73,236.86,1
1061,East,SMB,19,7,147.13,1184.3,0
1062,West,SMB,15,5,251.46,826.21,0
1063,West,SMB,45,7,96.23,695.16,0
1064,East,SMB,15,14,181.06,3448.98,0
1065,West,Consumer,12,12,247.99,4092.56,0
1066,East,SMB,32,7,247.8,1804.12,0
1067,North,Consumer,35,8,165.16,1450.91,0
1068,East,SMB,45,8,196.41,1947.52,0
1069,North,Enterprise,8,7,281.14,1640.29,0
1070,South,SMB,59,4,58.22,152.73,0
1071,East,Consumer,38,12,61.61,762.14,0
1072,South,Consumer,16,7,237.15,1054.0,0
1073,South,Enterprise,3,14,112.96,1075.84,0
1074,South,SMB,51,11,213.96,2635.68,0
1075,West,Consumer,3,7,211.63,1229.43,0
1076,North,SMB,45,8,110.82,571.74,0
1077,South,SMB,6,6,211.28,1265.31,0
1078,North,Consumer,30,12,64.23,734.83,0
1079,West,Consumer,13,14,49.86,631.79,0
1080,West,SMB,37,12,292.61,4664.77,0
1081,East,SMB,13,5,221.86,1250.56,0
1082,West,SMB,24,8,102.63,983.59,0
1083,East,Consumer,17,15,290.87,3648.0,0
1084,South,Consumer,47,7,256.81,1880.09,0
1085,East,Enterprise,53,7,208.95,1429.27,0
1086,North,Enterprise,30,11,134.32,1051.73,0
1087,South,SMB,24,6,284.87,1598.64,0
1088,East,SMB,24,9,86.11,689.86,0
1089,East,SMB,8,14,45.67,492.12,1
1090,South,Consumer,14,13,78.0,783.58,0
1091,South,Consumer,35,8,205.1,1018.32,0
1092,East,SMB,48,7,37.8,253.65,0
1093,North,Consumer,59,11,148.25,2236.12,0
1094,West,SMB,6,8,55.33,486.66,0
1095,West,Enterprise,28,12,258.78,3480.28,0
1096,East,Consumer,26,7,139.49,1105.4,0
1097,North,SMB,7,8,56.43,292.53,0
1098,West,Consumer,47,11,107.49,807.43,0
1099,East,SMB,18,4,256.64,1416.28,0
1100,East,SMB,18,8,115.15,557.22,0
1101,North,SMB,34,9,115.45,931.03,0
1102,South,Consumer,4,7,205.34,1420.89,0
1103,North,SMB,44,5,106.36,412.9,0
1104,East,SMB,8,13,69.19,813.27,0
1105,North,SMB,30,14,181.21,2685.91,0
1106,West,Consumer,59,6,49.64,282.51,0
1107,East,Consumer,5,7,162.79,1509.58,0
1108,North,SMB,13,9,232.56,1382.0,0
1109,East,Consumer,41,7,151.3,1170.42,0
1110,North,SMB,54,8,293.66,1579.27,0
1111,North,SMB,52,7,189.4,1327.25,0
1112,North,Enterprise,12,13,297.48,3941.7,0
1113,East,Consumer,4,10,38.46,259.84,0
1114,South,SMB,38,5,106.86,601.0,0
1115,West,Enterprise,22,10,252.11,3002.68,0
1116,North,SMB,12,11,234.52,1944.09,0
1117,North,Consumer,57,9,125.48,824.18,0
1118,West,SMB,47,9,99.78,1076.57,0
1119,South,SMB,37,12,98.9,1074.64,0
1120,East,SMB,31,11,48.73,684.36,0
1121,South,Consumer,6,11,146.32,1415.84,0
1122,North,SMB,2,8,220.12,1528.92,0
1123,South,Consumer,31,8,42.18,271.55,0
1124,East,SMB,8,11,242.29,2573.75,0
1125,South,Consumer,19,5,87.36,407.65,0
1126,North,SMB,31,11,124.52,1640.72,0
1127,East,SMB,23,3,69.02,253.3,0
1128,West,SMB,13,10,31.73,427.31,0
1129,South,SMB,56,10,112.94,790.11,0
1130,East,Consumer,32,7,243.24,1384.92,0
1131,East,SMB,6,7,144.86,1190.59,0
1132,East,Enterprise,28,7,285.41,1318.66,0
1133,North,SMB,39,7,55.34,305.56,0
1134,West,Consumer,24,7,58.55,366.23,0
1135,West,Enterprise,59,6,92.88,533.33,0
1136,North,Enterprise,58,6,246.94,2035.85,0
1137,East,Consumer,46,7,68.75,427.92,0
1138,North,SMB,37,5,174.46,950.42,0
1139,West,Consumer,53,7,108.77,502.01,0
1140,South,Consumer,9,2,35.52,49.68,0
1141,East,Consumer,17,11,96.85,1171.9,0
1142,South,SMB,40,8,255.91,2151.48,0
1143,South,Consumer,27,8,268.92,2229.8,0
1144,East,Enterprise,45,12,155.59,1424.99,0
1145,East,Consumer,9,9,49.73,355.1,0
1146,West,Consumer,27,9,64.72,502.07,0
1147,West,Enterprise,20,7,130.11,879.61,0
1148,West,SMB,1,10,267.09,3157.02,0
1149,East,SMB,33,5,251.09,1379.23,0
1150,East,Enterprise,24,9,162.55,1463.04,0
1151,South,Enterprise,33,13,109.19,1297.91,0
1152,West,Consumer,20,8,112.75,620.29,0
1153,North,Enterprise,17,14,237.33,3528.98,0
1154,West,SMB,44,9,216.15,1464.12,0
1155,West,Consumer,48,8,165.23,1386.23,0
1156,East,Enterprise,44,9,200.13,2079.72,0
1157,East,Consumer,46,10,108.77,956.13,0
1158,West,Consumer,50,9,100.54,1059.87,0
1159,East,Consumer,45,8,227.45,1440.08,0
1160,West,SMB,31,13,21.45,290.08,0
1161,South,Consumer,19,7,274.22,1289.1,0
1162,South,SMB,54,12,299.21,3294.65,0
1163,North,SMB,37,3,113.81,328.96,0
1164,West,SMB,52,10,148.5,1196.63,0
1165,South,SMB,55,7,139.76,843.65,0
1166,South,SMB,25,9,287.13,2174.73,0
1167,North,Enterprise,11,6,270.63,1888.21,0
1168,South,SMB,9,5,296.87,1334.28,0
1169,South,Consumer,44,9,42.92,369.82,0
1170,South,Enterprise,10,12,143.72,1973.4,0
1171,South,Enterprise,30,5,208.37,881.96,0
1172,North,SMB,45,17,281.68,3137.54,0
1173,West,SMB,58,4,273.89,986.57,0
1174,North,SMB,35,7,294.04,2609.61,0
1175,West,Consumer,16,7,72.77,662.29,0
1176,North,SMB,5,9,187.38,1960.68,0
1177,North,SMB,19,9,181.31,1732.93,0
1178,South,SMB,18,15,266.32,5310.14,0
1179,West,Consumer,21,7,103.97,543.73,0
1180,West,Consumer,36,6,168.4,920.21,0
1181,North,Enterprise,54,9,208.63,2032.27,0
1182,West,SMB,59,5,24.29,163.92,0
1183,South,SMB,16,4,126.59,519.99,0
1184,West,Consumer,21,11,135.9,1569.67,0
1185,West,SMB,13,7,253.34,1772.39,0
1186,West,Enterprise,47,9,221.69,1976.56,0
1187,North,Consumer,43,9,58.5,581.55,0
1188,West,Consumer,2,12,23.32,286.43,0
1189,West,Consumer,59,11,166.83,1454.85,0
1190,East,Consumer,30,1,83.24,95.5,0
1191,West,SMB,31,9,67.99,611.84,0
1192,North,SMB,58,13,153.14,1268.65,0
1193,South,Consumer,21,11,60.37,834.44,0
1194,West,Consumer,35,6,59.19,493.92,0
1195,North,SMB,50,5,291.3,1254.19,0
1196,West,SMB,44,6,236.21,1185.26,0
1197,South,Consumer,21,8,284.03,2171.78,0
1198,West,SMB,6,8,187.45,1288.97,0
1199,South,Enterprise,11,8,95.3,621.15,0
1200,North,SMB,16,8,192.67,1489.4,0
1201,East,SMB,28,11,292.78,2283.07,0
1202,West,Consumer,19,8,290.97,2852.85,0
1203,South,Enterprise,35,11,27.54,358.01,0
1204,West,Consumer,9,7,204.43,1677.41,0
1205,West,Enterprise,51,13,247.44,3458.15,0
1206,North,Enterprise,42,7,230.75,2217.05,0
1207,South,SMB,26,4,213.32,614.87,0
1208,South,SMB,22,7,155.22,1065.82,0
1209,North,SMB,22,6,66.02,549.47,0
1210,West,SMB,26,7,204.05,1309.03,0
1211,South,SMB,49,7,181.66,1576.3,0
1212,West,Enterprise,41,7,129.91,628.73,0
1213,East,Consumer,38,10,53.0,447.48,0
1214,West,SMB,32,5,200.67,1404.61,0
1215,North,Consumer,1,7,127.5,936.47,0
1216,West,SMB,37,13,101.79,1084.93,0
1217,West,Enterprise,8,6,172.07,1437.87,0
1218,West,SMB,54,7,264.95,1160.61,0
1219,South,SMB,48,6,219.01,1453.63,0
1220,East,Enterprise,39,6,217.14,1083.27,0
1221,South,Consumer,51,8,97.65,878.63,0
1222,West,Enterprise,37,6,125.05,495.51,0
1223,West,Consumer,21,3,257.21,520.47,0
1224,West,SMB,28,10,110.4,912.87,0
1225,North,SMB,41,9,54.79,634.2,0
1226,South,Consumer,20,12,96.73,1304.31,0
1227,East,Consumer,49,9,217.04,1173.71,0
1228,North,Consumer,53,13,214.33,2736.58,0
1229,East,SMB,50,11,199.64,2507.24,0
1230,South,Enterprise,10,12,143.87,1335.91,0
1231,West,SMB,9,9,89.49,870.49,0
1232,East,SMB,39,4,102.75,264.54,0
1233,North,Consumer,60,7,254.91,1671.4,0
1234,North,Enterprise,1,8,36.93,363.81,0
1235,West,SMB,35,7,43.41,201.53,0
1236,North,SMB,28,8,36.21,193.79,0
1237,South,SMB,46,9,159.0,1255.51,0
1238,East,Consumer,8,9,245.99,1810.06,0
1239,East,SMB,55,6,91.43,374.31,0
1240,North,SMB,31,4,70.11,383.72,0
1241,East,SMB,59,8,41.81,300.45,0
1242,North,Consumer,5,13,236.59,2609.89,0
1243,East,Consumer,16,5,158.14,963.14,0
1244,West,SMB,35,5,265.62,1807.27,0
1245,South,Enterprise,16,2,292.32,417.37,0
1246,East,Enterprise,48,10,57.38,720.68,0
1247,East,SMB,21,11,252.93,2395.5,0
1248,North,SMB,11,6,53.81,286.26,0
1249,East,Consumer,45,7,259.84,1307.15,0
1250,South,SMB,26,11,174.03,1293.67,0
1251,South,SMB,53,5,282.52,942.53,0
1252,West,Consumer,6,13,112.83,930.18,0
1253,West,SMB,44,6,274.33,1349.68,0
1254,East,Enterprise,57,7,98.34,488.6,0
1255,North,Consumer,51,8,238.8,1672.03,0
1256,South,SMB,52,9,297.63,2741.74,0
1257,East,Enterprise,51,9,298.99,2086.88,0
1258,East,Consumer,45,6,216.97,1147.35,0
1259,West,Enterprise,12,7,85.13,461.86,0
1260,East,Consumer,59,10,36.68,263.42,0
1261,East,Consumer,43,7,104.49,518.7,0
1262,East,SMB,36,6,240.36,1122.85,0
1263,South,Consumer,45,11,298.4,4503.94,0
1264,North,Consumer,10,8,117.11,801.61,0
1265,East,SMB,17,10,118.13,1452.55,0
1266,West,Enterprise,25,7,252.07,2172.06,0
1267,North,SMB,21,8,115.71,1212.96,0
1268,West,Consumer,28,10,269.13,1953.03,0
1269,East,Consumer,20,9,180.1,2061.6,0
1270,West,SMB,2,10,293.58,2873.73,0
1271,North,Enterprise,25,11,123.43,1298.83,0
1272,South,Consumer,43,12,246.29,2752.11,0
1273,West,Enterprise,16,7,272.78,2236.83,0
1274,South,SMB,49,2,66.81,102.82,0
1275,South,Consumer,17,6,246.06,988.6,0
1276,North,Consumer,40,4,51.51,148.29,0
1277,North,Consumer,56,6,135.05,734.48,0
1278,West,SMB,57,12,33.8,397.56,0
1279,East,Consumer,55,8,263.29,1490.24,0
1280,North,SMB,14,11,155.65,1734.75,0
1281,West,SMB,55,5,68.65,446.27,0
1282,South,SMB,53,6,278.46,1912.92,0
1283,East,SMB,54,12,212.88,2115.32,0
1284,South,Enterprise,44,10,163.72,2114.78,0
1285,North,SMB,39,9,290.77,2915.76,0
1286,East,Consumer,53,6,22.06,185.24,0
1287,West,SMB,18,5,93.12,544.23,0
1288,West,Consumer,44,9,159.26,1198.97,0
1289,South,SMB,46,9,239.77,2859.73,0
1290,South,SMB,31,10,246.34,2981.54,0
1291,South,Consumer,20,3,124.07,397.69,0
1292,North,Enterprise,13,2,126.87,212.81,0
1293,West,SMB,56,7,156.52,1210.49,0
1294,South,Enterprise,11,3,44.65,146.22,0
1295,South,Consumer,1,12,168.69,1243.58,0
1296,South,SMB,33,7,250.68,1471.47,0
1297,South,SMB,58,4,66.17,350.84,0
1298,North,Enterprise,11,12,241.8,2611.89,0
1299,North,Consumer,2,10,144.41,1009.25,0
