month,sales
2022-01-01,117211.49
2022-02-01,138076.76
2022-03-01,134893.13
2022-04-01,137527.13
2022-05-01,139203.6
2022-06-01,136467.8
2022-07-01,134541.79
2022-08-01,125395.96
2022-09-01,123985.01
2022-10-01,121810.6
2022-11-01,131105.84
2022-12-01,138513.89
2023-01-01,147611.57
2023-02-01,159835.35
2023-03-01,163126.59
2023-04-01,175204.51
2023-05-01,170909.49
2023-06-01,173744.09
2023-07-01,159033.93
2023-08-01,155840.07
2023-09-01,146818.97
2023-10-01,151191.33
2023-11-01,160210.47
2023-12-01,160794.82
2024-01-01,181635.98
2024-02-01,182532.09
2024-03-01,199562.61
2024-04-01,187975.47
2024-05-01,192792.62
2024-06-01,188180.38
2024-07-01,191917.45
2024-08-01,184401.4
2024-09-01,176795.04
2024-10-01,174704.24
2024-11-01,181482.74
2024-12-01,193676.79
2025-01-01,204038.83
2025-02-01,208361.81
2025-03-01,213722.55
2025-04-01,221222.16
2025-05-01,221570.89
2025-06-01,219015.23
