customer_id,support_tickets_90d,days_since_last_login,email_open_rate,web_sessions_30d,mobile_sessions_30d
1000,2,70,0.17,18,10
1001,0,1,0.74,13,11
1002,2,34,0.79,5,8
1003,0,9,0.14,15,11
1004,4,27,0.67,15,8
1005,3,72,0.29,16,8
1006,3,41,0.28,20,7
1007,0,75,0.44,20,9
1008,3,9,0.43,13,10
1009,0,15,0.35,22,10
1010,4,82,0.53,14,11
1011,2,40,0.3,14,9
1012,1,22,0.33,13,10
1013,1,16,0.31,21,10
1014,1,10,0.54,11,10
1015,1,55,0.45,21,11
1016,4,58,0.22,8,11
1017,1,2,0.92,17,8
1018,2,34,0.89,14,14
1019,2,41,0.15,8,9
1020,2,31,0.44,11,8
1021,0,86,0.71,11,12
1022,1,13,0.16,15,16
1023,3,84,0.55,7,7
1024,5,37,0.61,17,14
1025,0,36,0.14,23,16
1026,0,89,0.87,18,6
1027,4,46,0.28,21,13
1028,4,23,0.85,15,7
1029,0,49,0.84,17,15
1030,0,43,0.34,16,7
1031,1,23,0.59,21,10
1032,3,25,0.32,25,10
1033,0,16,0.71,14,12
1034,3,23,0.62,15,9
1035,0,28,0.53,22,8
1036,0,87,0.36,16,10
1037,2,90,0.43,19,13
1038,5,32,0.88,18,12
1039,2,71,0.48,18,7
1040,0,10,0.71,11,15
1041,2,43,0.56,17,13
1042,1,50,0.83,10,12
1043,2,52,0.72,25,5
1044,1,60,0.25,13,12
1045,5,61,0.12,19,9
1046,2,80,0.23,13,6
1047,1,15,0.76,14,13
1048,1,89,0.81,14,7
1049,0,65,0.65,11,11
1050,0,67,0.92,17,6
1051,0,12,0.34,16,6
1052,1,44,0.34,19,7
1053,3,63,0.48,14,12
1054,3,71,0.38,15,12
1055,3,28,0.73,10,7
1056,3,69,0.21,19,10
1057,2,57,0.39,15,15
1058,2,73,0.91,16,13
1059,0,39,0.83,14,13
1060,1,71,0.16,10,11
1061,0,34,0.77,11,4
1062,0,22,0.77,20,3
1063,3,57,0.17,12,11
1064,1,87,0.8,16,8
1065,1,61,0.4,12,4
1066,5,59,0.17,21,13
1067,2,64,0.63,17,13
1068,2,21,0.36,13,11
1069,1,35,0.45,11,10
1070,0,54,0.39,15,10
1071,1,45,0.38,9,14
1072,1,61,0.7,11,12
1073,4,57,0.18,18,10
1074,1,43,0.82,13,11
1075,1,30,0.73,20,12
1076,2,46,0.42,10,9
1077,1,75,0.22,15,12
1078,0,45,0.94,21,8
1079,1,46,0.59,12,17
1080,0,64,0.81,16,7
1081,0,18,0.63,13,7
1082,1,23,0.27,18,7
1083,0,44,0.78,21,12
1084,0,12,0.77,11,9
1085,0,80,0.85,18,8
1086,1,5,0.36,22,13
1087,0,20,0.85,18,6
1088,3,88,0.41,15,9
1089,1,82,0.61,16,7
1090,3,30,0.38,16,9
1091,2,2,0.4,15,9
1092,2,47,0.54,6,9
1093,0,8,0.95,14,10
1094,2,75,0.57,20,9
1095,3,71,0.71,13,10
1096,2,48,0.91,14,10
1097,0,72,0.58,9,13
1098,2,65,0.28,16,11
1099,0,80,0.62,25,11
1100,0,19,0.58,19,13
1101,3,42,0.76,17,10
1102,0,57,0.45,12,9
1103,0,77,0.15,22,8
1104,2,30,0.53,16,8
1105,0,82,0.46,19,10
1106,3,52,0.55,14,12
1107,1,45,0.4,14,8
1108,2,81,0.52,16,6
1109,3,36,0.6,19,11
1110,4,77,0.53,9,8
1111,1,8,0.48,21,2
1112,2,79,0.23,15,13
1113,0,87,0.43,22,3
1114,0,85,0.43,19,9
1115,0,88,0.88,13,6
1116,1,18,0.23,17,6
1117,1,89,0.76,18,12
1118,3,58,0.3,22,8
1119,1,68,0.46,17,13
1120,0,16,0.34,14,16
1121,1,4,0.45,13,12
1122,2,19,0.22,18,5
1123,2,20,0.57,14,9
1124,2,15,0.81,10,9
1125,2,86,0.67,9,15
1126,2,46,0.77,15,5
1127,1,60,0.93,16,11
1128,2,66,0.44,14,10
1129,0,48,0.47,6,12
1130,0,11,0.72,10,6
1131,3,22,0.69,23,11
1132,6,82,0.45,15,8
1133,0,83,0.41,11,8
1134,2,41,0.65,20,13
1135,1,79,0.34,13,10
1136,0,41,0.67,12,9
1137,0,29,0.2,20,14
1138,3,12,0.16,15,6
1139,1,60,0.68,21,6
1140,3,20,0.36,18,9
1141,5,79,0.55,20,16
1142,0,4,0.17,16,7
1143,1,83,0.91,18,5
1144,2,78,0.22,10,18
1145,0,16,0.33,18,11
1146,5,74,0.71,23,18
1147,2,31,0.28,20,11
1148,0,52,0.41,13,9
1149,2,79,0.2,10,13
1150,1,6,0.13,17,6
1151,4,79,0.73,12,14
1152,2,54,0.6,15,5
1153,1,7,0.6,12,6
1154,3,57,0.37,14,7
1155,0,85,0.51,20,9
1156,0,79,0.51,15,12
1157,4,36,0.34,7,8
1158,0,45,0.89,15,7
1159,2,7,0.67,15,9
1160,3,21,0.45,19,7
1161,3,74,0.3,16,9
1162,5,64,0.26,18,8
1163,0,83,0.56,23,7
1164,2,24,0.11,14,14
1165,0,52,0.67,18,12
1166,4,74,0.11,15,8
1167,2,40,0.69,19,8
1168,2,90,0.57,10,8
1169,0,47,0.17,20,11
1170,4,75,0.52,14,10
1171,1,3,0.44,15,6
1172,3,61,0.13,16,4
1173,4,88,0.92,21,14
1174,2,3,0.93,15,6
1175,2,15,0.13,8,5
1176,2,7,0.31,11,11
1177,5,87,0.8,24,3
1178,3,81,0.68,19,10
1179,0,69,0.5,14,14
1180,2,33,0.27,22,7
1181,3,10,0.26,15,6
1182,5,16,0.73,21,7
1183,1,46,0.36,19,7
1184,1,29,0.73,10,8
1185,3,84,0.9,16,6
1186,1,70,0.94,8,9
1187,2,9,0.7,12,9
1188,2,36,0.56,9,9
1189,5,80,0.55,15,12
1190,0,11,0.66,16,8
1191,2,56,0.65,26,8
1192,0,10,0.68,10,8
1193,2,51,0.89,11,8
1194,4,11,0.53,20,11
1195,0,82,0.33,12,10
1196,1,32,0.71,19,13
1197,2,35,0.19,11,11
1198,2,50,0.11,17,5
1199,1,19,0.15,11,11
1200,0,18,0.36,13,13
1201,0,42,0.61,13,10
1202,0,42,0.42,14,10
1203,4,27,0.47,13,4
1204,1,49,0.16,11,10
1205,1,11,0.19,14,8
1206,0,56,0.19,17,14
1207,2,4,0.51,17,9
1208,2,57,0.71,17,10
1209,0,32,0.54,13,12
1210,1,79,0.85,15,10
1211,0,69,0.26,12,10
1212,3,46,0.82,18,5
1213,2,24,0.42,11,12
1214,0,72,0.24,18,15
1215,2,84,0.52,9,12
1216,2,69,0.35,9,7
1217,1,70,0.8,15,6
1218,1,34,0.4,4,13
1219,1,22,0.62,18,4
1220,1,35,0.91,21,6
1221,2,90,0.84,14,4
1222,0,12,0.44,13,4
1223,0,59,0.64,20,5
1224,0,71,0.59,12,10
1225,0,57,0.49,4,14
1226,4,33,0.17,15,9
1227,4,62,0.17,11,9
1228,4,30,0.43,18,11
1229,0,9,0.55,13,7
1230,0,13,0.22,15,7
1231,4,78,0.34,23,10
1232,1,31,0.52,10,10
1233,3,70,0.68,22,8
1234,2,65,0.34,16,6
1235,1,27,0.93,13,13
1236,0,56,0.2,21,11
1237,2,67,0.77,17,11
1238,1,9,0.32,12,7
1239,1,74,0.67,15,9
1240,4,5,0.57,15,6
1241,0,65,0.67,16,13
1242,0,12,0.57,17,13
1243,2,26,0.72,16,8
1244,4,1,0.75,15,7
1245,3,36,0.18,19,7
1246,2,10,0.6,14,8
1247,1,58,0.33,18,14
1248,2,27,0.48,17,8
1249,1,32,0.92,19,10
1250,0,14,0.78,23,10
1251,3,76,0.32,17,10
1252,0,60,0.14,10,11
1253,2,58,0.85,13,8
1254,1,26,0.65,16,19
1255,0,73,0.53,17,12
1256,1,75,0.95,20,12
1257,1,50,0.4,17,8
1258,3,73,0.58,20,18
1259,2,68,0.51,10,6
1260,0,19,0.76,22,4
1261,2,21,0.72,13,7
1262,0,76,0.79,15,7
1263,1,5,0.25,17,6
1264,2,82,0.85,14,5
1265,4,1,0.14,13,10
1266,3,74,0.65,16,11
1267,2,21,0.72,17,9
1268,1,13,0.38,11,12
1269,2,20,0.15,22,12
1270,4,15,0.36,10,10
1271,4,34,0.47,18,6
1272,3,76,0.29,12,12
1273,2,65,0.59,5,6
1274,3,25,0.21,20,9
1275,4,72,0.44,15,13
1276,0,73,0.6,24,7
1277,1,63,0.59,17,12
1278,0,35,0.86,17,7
1279,1,57,0.76,15,5
1280,1,48,0.8,17,12
1281,1,26,0.81,7,11
1282,2,31,0.42,19,15
1283,0,50,0.14,16,7
1284,4,88,0.11,12,6
1285,0,55,0.86,13,10
1286,0,48,0.58,14,14
1287,0,84,0.35,16,3
1288,2,54,0.44,4,5
1289,3,86,0.4,18,13
1290,2,24,0.9,14,8
1291,3,60,0.82,19,7
1292,1,7,0.84,19,9
1293,0,23,0.37,13,10
1294,2,82,0.46,15,10
1295,0,1,0.63,14,7
1296,1,38,0.49,11,9
1297,2,52,0.12,18,9
1298,3,82,0.32,28,12
1299,2,33,0.5,14,6
